{
	"type": "LaserTurret",
	"name": "Mini death gun",
	"description": "just no comments...",
	"targetAir": true,
	"targetGround": true,
	"health": 900,
	"size": 1,
	"reload": 10,
	"shootCone": 10,
	"shootType": "meltdownLaser",
	"powerUse": 6.0,
	"range": 240,
	"shootShake": 2,
	"firingMoveFract": 1.0,
	"shootDuration": 30,
	"recoil": 1,
	"shootSound": "laserBig",
	"shootEffect": "shootBigSmoke2",
	"activeSound": "beam"
	"requirements": [
		{ "item": "titanium", "amount": 130 },
		{ "item": "silicon", "amount": 60},
		{ "item": "surge-alloy", "amount": 35 },
		{ "item": "thorium", "amount": 50 }
    obsidian/40
	],
	"category": "turret"
	"research": "lancer"
}
