{
"name": "Duo lancer",
"description": "Well, its a good cannon.",
"type": "ChargeTurret",
"targetAir": true,
"targetGround": true,
"alwaysUnlocked": true,
"health": 7500,
"size": 2,
"reload": 1,
"shootType": "lancerLaser",
"powerUse": 1.5,
"range": 190,
"inaccuracy": 0,
"shootShake": 1,
"shots": 10,
"shootCone": 30,
"shootSound": "fire",
"chargeTime": 0,
"requirements": [
	{"item": "titanium", "amount": 14000},
  {"item": "rphase", "amount": 100},
  obsidian/125
]
"category": "turret"
research:death-turret
}