{
"name": "Hyper Cryogen Mixer",
"description": "Mixes normal cryofluid with titan and plastanium to make that liquid.",
"type": "LiquidConverter",
"size": 2,
"health": 1750,
"outputLiquid": {
"liquid": "hyper-cryo", "amount": 20,
}
"alwaysUnlocked": false,
"itemCapacity": 40,
"liquidCapacity": 40,
"updateEffect": "smeltsmoke",
"updateEffectChance": 0,
"hasPower": true,
"consumes": {
"power": 1.4,
"items": {
"items": [
{"item": "titanium", "amount": 20},
{"item": "plastanium", "amount": 10}
]
}
"liquid": {
"liquid": "cryofluid",
"amount": 0.25
}
},
"requirements": [
{"item": "titanium", "amount": 400},
{"item": "lead", "amount": 240}
],
"category": "crafting",
"research": "cryofluidmixer",
"idleSound": "respawning",
"idleSoundVolume": 0.5
}