 {
	"type": "GenericCrafter",
	"name": "Pyromaniac mixer",
	"description": "Creates Pyromaniacs",
	"itemCapacity": 10,
	"outputItem": {"item": "pyromaniac", "amount": 1.0},
	"size": 2,
	"hasPower": true,
	"hasLiquids": true,
"itemCapacity": 40,
"liquidCapacity": 40,
	"craftTime": 140,
	"updateEffect": "explosion",
	"consumes": {
		"power": 1.4,
		"items": {
        "items": [
        {"item": "coal", "amount": 4},
        {"item": "pyratite", "amount": 8},
        {"item": "spore-pod", "amount": 4}
    ]
    },
  "liquid": {
"liquid": "oil",
"amount": 0.1}
	},
	"requirements": [
		{ "item": "lead", "amount": 222 },
		{ "item": "plastanium", "amount": 100 },
		{ "item": "surge-alloy", "amount": 35 },
		{ "item": "silicon", "amount": 99 },
	],
	"category": "crafting",
	"research": "pyratite-mixer",
	"idleSound": "respawning",
	"idleSoundVolume": 0.5
}
