{
  "name": "Meltdown",
  "description": "Showering the enemies with a huge amount of slag, burning, melting and slowing them.",
  "speed": 2.5,
  drillPower:40
mineSpeed:10
mass:100
  itemCapacity:666000
  "boostSpeed": 25,
  "buildPower": 30,
  "maxSpeed":500,
"mineSpeed": 250,
"itemCapacity": 100000
  "engineColor": "00fffd",
  "flying": true,
  "health": 1500000,
  "weapon": {
    "name": "Slag sprayer",
  "reload": 60,
  "shots": 600,
"spacing": 0
"velocityRnd": 1,
"alternate": true
  "shotDelay": 0.025,
  "inaccuracy": 15,
    "length": 2,
    "width": 1
    "bullet": "slagShot" 
shootSound:flame
}}